#,Frase,Marca,Agencia,País,Año,Tipo,Tag,Fuente,Tema,Función,Tono,Flag,Motivo del flag,Comodín,Premio El Ojo
1,"Para qué mentir, si podés teletransportarte",Cerveza Andes,Del Campo Nazca Saatchi & Saatchi,Argentina,2010,Publicidad,Amor y vínculos; Identidad | Humor o absurdo | Absurdo,https://www.adlatina.com/publicidad/del-campo-nazca-saatchi-saatchi-presenta-el-caso-andes-teletransporter,Amor y vínculos; Identidad,Humor o absurdo,Absurdo,OK,,,
2,Einstein estaba equivocado.,Cerveza Andes,Del Campo Nazca Saatchi & Saatchi,Argentina,2010,Publicidad,Futuro y tecnología | Humor o absurdo | Absurdo,https://www.adlatina.com/publicidad/del-campo-nazca-saatchi-saatchi-presenta-el-caso-andes-teletransporter,Futuro y tecnología,Humor o absurdo,Absurdo,OK,,,
4,"Cuando los hombres y las mujeres se encuentran, nace el igualismo",Quilmes,Young & Rubicam,Argentina,2012,Publicidad,Amor y vínculos | Sentencia de oráculo | Irónico,https://www.cronista.com/negocios/quilmes-obligado-a-modificar-el-spot-publicitario-igualismo/,Amor y vínculos,Sentencia de oráculo,Irónico,Revisar,Remate original modificado tras críticas (ver Notas),,
5,Tu cuerpo pide pasta,Lucchetti,Madre,Argentina,2014 (?),Publicidad,Placer y vida cotidiana | Empuja a actuar | Cálido,https://www.totalmedios.com/nota/22999/tu-cuerpo-pide-pasta-de-madre-para-mama-lucchetti,Placer y vida cotidiana,Empuja a actuar,Cálido,Depende de contexto,Literal: solo funciona con comida/cuerpo,,
6,Dejá que la vida te despeine,Sedal,JWT Argentina / El Hotel,Argentina,2005,Publicidad,Identidad; Riesgo y valentía | Empuja a actuar | Cálido,https://www.latinspots.com/noticia/deja-que-la-vida-te-despeine/9108,Identidad; Riesgo y valentía,Empuja a actuar,Cálido,OK,,Sí,
8,Bienvenido a la república independiente de tu casa,IKEA,"*S,C,P,F...",España,2006,Publicidad,Placer y vida cotidiana; Identidad | Tranquiliza o relativiza | Cálido,https://www.marketingdirecto.com/especiales/premios-eficacia/campanas-mas-eficaces-publicidad-espanola,Placer y vida cotidiana; Identidad,Tranquiliza o relativiza,Cálido,Depende de contexto,Habla de la casa (IKEA),,
9,¿Te gusta conducir?,BMW,"*S,C,P,F...",España,1999,Publicidad,Identidad; Placer y vida cotidiana | Desafía o cuestiona | Irónico,https://www.marketingdirecto.com/especiales/premios-eficacia/campanas-mas-eficaces-publicidad-espanola,Identidad; Placer y vida cotidiana,Desafía o cuestiona,Irónico,Depende de contexto,Funciona como contrapregunta; depende de BMW/manejar,,
13,Mi estilo se escribe con Z,El Palacio de Hierro,Terán\TBWA,México,2025,Publicidad,Identidad | Sentencia de oráculo | Provocador,https://www.merca20.com/el-palacio-de-hierro-presenta-su-nueva-imagen-te-sorprendera/,Identidad,Sentencia de oráculo,Provocador,Depende de contexto,La 'Z' pierde sentido sin el contexto de la marca,,
14,Ser grande no es cuestión de edad,El Palacio de Hierro,Terán\TBWA,México,2025,Publicidad,Identidad; Tiempo y país | Tranquiliza o relativiza | Cálido,https://www.merca20.com/el-palacio-de-hierro-presenta-su-nueva-imagen-te-sorprendera/,Identidad; Tiempo y país,Tranquiliza o relativiza,Cálido,OK,,Sí,
17,Tem coisas que só a Philco faz pra você [Hay cosas que solo Philco hace por vos],Philco,F/Nazca,Brasil,s/d,Publicidad,Amor y vínculos | Tranquiliza o relativiza | Cálido,https://www.ifd.com.br/publicidade-e-propaganda/50-slogans-mais-lembrados/,Amor y vínculos,Tranquiliza o relativiza,Cálido,Depende de contexto,Portugués + marca de electrodomésticos,,
19,Não tem comparação [No tiene comparación],Brastemp,Talent,Brasil,s/d,Publicidad,Identidad; Placer y vida cotidiana | Sí o no rotundo | Cálido,https://www.ifd.com.br/publicidade-e-propaganda/50-slogans-mais-lembrados/,Identidad; Placer y vida cotidiana,Sí o no rotundo,Cálido,OK,Portugués (traducción entre corchetes),Sí,
21,"no creérsela, no ser hijo de puta, escuchar a los demás",El Ojo – Charla,Equipo Wieden+Kennedy Latam,Regional,2025,El Ojo,Trabajo y creatividad; Identidad | Empuja a actuar | Provocador,https://www.elojodeiberoamerica.com/revivimos-los-mas-destacado-de-las-conferencias-de-el-ojo-2025/,Trabajo y creatividad; Identidad,Empuja a actuar,Provocador,Revisar,Lenguaje fuerte ('hijo de puta'),,
22,"…me gustaría ver más anuncios de cerveza, de bancos, de salchichas, porque ese es nuestro trabajo real",El Ojo – Charla,"Toni Segarra, Alegre Roca",España,2023,El Ojo,Trabajo y creatividad | Desafía o cuestiona | Provocador,https://www.latinspots.com/noticia/as-vivi-toni-segarra-su-ingreso-al-saln-de-honor-del-talento-latino/68216,Trabajo y creatividad,Desafía o cuestiona,Provocador,Depende de contexto,Fragmento con '…'; habla de publicidad,,
23,"La publicidad no ha cambiado sino envejecido, hagámosla nuevamente sexy",El Ojo – Charla,"Per Pedersen, Global Creative Chairman de Grey",Global,2017,El Ojo,Trabajo y creatividad; Tiempo y país | Desafía o cuestiona | Irónico,https://www.elojodeiberoamerica.com/review-ojo-2017-20-anos-pensamiento-creativo-iberoamerica/,Trabajo y creatividad; Tiempo y país,Desafía o cuestiona,Irónico,OK,Habla de publicidad,,
24,"…caemos en la rutina y, más de una vez, pensamos en divorciarnos",El Ojo – Charla,"Marina Stern, Mercado McCann",Argentina,2021,El Ojo,Amor y vínculos; Tiempo y país | Sentencia de oráculo | Irónico,https://www.latinspots.com/noticia/el-ojo-de-iberoamrica-2021-cultura-emociones-e-inclusin/61138,Amor y vínculos; Tiempo y país,Sentencia de oráculo,Irónico,Depende de contexto,Fragmento con '…',,
26,la empatía es el mejor GPS,El Ojo – Entrevista,"Omar Carrión, Kellanova Latin America",s/d,2025 (?),El Ojo,Amor y vínculos; Trabajo y creatividad | Sentencia de oráculo | Cálido,https://www.latinspots.com/noticia/latinspots185-creatividad-para-un-mundo-incierto/91670,Amor y vínculos; Trabajo y creatividad,Sentencia de oráculo,Cálido,OK,,Sí,
27,Yo creo que sacamos petróleo debajo de una piedra.,El Ojo – Entrevista,"Antonio Montero López, Contrapunto",España,2004,El Ojo,Trabajo y creatividad | Sí o no rotundo | Irónico,https://www.latinspots.com/noticia/popai-argentina-invita-a-participar-del-taller-shopper-marketing/6491?section=negocios,Trabajo y creatividad,Sí o no rotundo,Irónico,OK,,,
28,Las personas son más inteligentes de lo que las marcas piensan,El Ojo – Charla,"Lucía ""Pistola"" Mendoza, Twitter México & Latam",México,2021,El Ojo,Trabajo y creatividad; Identidad | Desafía o cuestiona | Provocador,https://www.latinspots.com/noticia/el-ojo-de-iberoamrica-2021-cultura-emociones-e-inclusin/61138,Trabajo y creatividad; Identidad,Desafía o cuestiona,Provocador,OK,,,
29,Original es una trampa. Lo fresco es libertad,El Ojo – Charla,"Sergio Gordilho, Africa Creative",Brasil,2025,El Ojo,Trabajo y creatividad; Identidad | Desafía o cuestiona | Provocador,https://www.elojodeiberoamerica.com/revivimos-los-mas-destacado-de-las-conferencias-de-el-ojo-2025/,Trabajo y creatividad; Identidad,Desafía o cuestiona,Provocador,OK,,,
30,"El AI concluye. La creatividad humana desordena, es curiosa, explora.",El Ojo – Charla,"Damasia Merbilháa, TBWA\Worldwide",Argentina,2025,El Ojo,Futuro y tecnología | Sentencia de oráculo | Profético,https://www.elojodeiberoamerica.com/revivimos-los-mas-destacado-de-las-conferencias-de-el-ojo-2025/,Futuro y tecnología,Sentencia de oráculo,Profético,OK,,,
31,"La única forma de innovar, es no pretenderlo.",El Ojo – Charla,"Álex de la Iglesia, director y guionista",España,2018,El Ojo,Futuro y tecnología; Trabajo y creatividad | Sentencia de oráculo | Profético,https://www.infobae.com/espacio-no-editorial/2018/11/06/la-celebracion-de-la-creatividad-regional-todos-los-ganadores-de-el-ojo-de-iberoamerica/,Futuro y tecnología; Trabajo y creatividad,Sentencia de oráculo,Profético,OK,,,
32,la valentía es contagiosa,El Ojo – Charla,Equipo LePub Mexico City + Tecate,México,2025,El Ojo,Riesgo y valentía | Empuja a actuar | Cálido,https://www.elojodeiberoamerica.com/revivimos-los-mas-destacado-de-las-conferencias-de-el-ojo-2025/,Riesgo y valentía,Empuja a actuar,Cálido,OK,,Sí,
34,el algoritmo es nuestro caballo de Troya para hacer una revolución,El Ojo – Charla,"Alejandro Di Trolio, Cheil Worldwide",España (?),2025,El Ojo,Futuro y tecnología; Riesgo y valentía | Empuja a actuar | Provocador,https://www.elojodeiberoamerica.com/revivimos-los-mas-destacado-de-las-conferencias-de-el-ojo-2025/,Futuro y tecnología; Riesgo y valentía,Empuja a actuar,Provocador,OK,,,
35,la idea siempre está primero,El Ojo – Charla,"Rafa Quijano y Daro González, VML Argentina",Argentina,2025,El Ojo,Trabajo y creatividad | Sentencia de oráculo | Profético,https://www.elojodeiberoamerica.com/revivimos-los-mas-destacado-de-las-conferencias-de-el-ojo-2025/,Trabajo y creatividad,Sentencia de oráculo,Profético,OK,,,
37,"ser creativo hoy no es solo hacer cosas lindas, es tomar posición",El Ojo – Charla,"Kike Renta, DDB Latina Puerto Rico",Puerto Rico,2025,El Ojo,Trabajo y creatividad; Identidad | Empuja a actuar | Provocador,https://www.latinspots.com/noticia/el-ojo-de-iberoamrica-2025-ia-creatividad-humana-y-nuevas-fronteras/95096,Trabajo y creatividad; Identidad,Empuja a actuar,Provocador,OK,,,
39,La creatividad es el antídoto,El Ojo – Entrevista,"Tomás Ostiglia, LOLA MullenLowe",España,2025,El Ojo,Futuro y tecnología; Trabajo y creatividad | Tranquiliza o relativiza | Profético,https://www.latinspots.com/noticia/latinspots185-creatividad-para-un-mundo-incierto/91670,Futuro y tecnología; Trabajo y creatividad,Tranquiliza o relativiza,Profético,OK,,Sí,
40,Lo más importante de las ideas es hacerlas,El Ojo – Entrevista,"Tomás Ostiglia, LOLA MullenLowe",España,2018,El Ojo,Trabajo y creatividad; Riesgo y valentía | Empuja a actuar | Directo,https://www.latinspots.com/sp/noticia/ranking-las-ideas-ms-premiadas-de-el-ojo-2018/49257,Trabajo y creatividad; Riesgo y valentía,Empuja a actuar,Directo,OK,,Sí,
41,"Cuando tienes data, puedes vender creatividad más arriesgada con menos riesgo",El Ojo – Charla,"Ciro Sarmiento, Dieste",EE.UU.,2017,El Ojo,Futuro y tecnología; Riesgo y valentía; Trabajo y creatividad | Sentencia de oráculo | Directo,https://www.elojodeiberoamerica.com/review-ojo-2017-20-anos-pensamiento-creativo-iberoamerica/,Futuro y tecnología; Riesgo y valentía; Trabajo y creatividad,Sentencia de oráculo,Directo,Depende de contexto,Jerga de data/ventas,,
44,el talento camina en todas direcciones,El Ojo – Entrevista,"Antonio Montero López, Contrapunto",España,2004,El Ojo,Trabajo y creatividad; Identidad | Tranquiliza o relativiza | Cálido,https://www.latinspots.com/noticia/popai-argentina-invita-a-participar-del-taller-shopper-marketing/6491?section=negocios,Trabajo y creatividad; Identidad,Tranquiliza o relativiza,Cálido,OK,,,
45,las ideas deben ser más grandes que avisos,El Ojo – Entrevista,Pablo del Campo,Argentina,2024,El Ojo,Trabajo y creatividad; Riesgo y valentía | Empuja a actuar | Provocador,https://www.elojodeiberoamerica.com/pablo-del-campo-ingresa-en-el-salon-de-honor-del-talento-latino/,Trabajo y creatividad; Riesgo y valentía,Empuja a actuar,Provocador,OK,,,
48,Es la primera idea con la que realmente sentimos que había peligro a la hora de hacerla…,El Ojo – Entrevista,"Pancho Cassis, LOLA MullenLowe",España,2018,El Ojo,Riesgo y valentía | Sentencia de oráculo | Profético,https://www.latinspots.com/sp/noticia/ranking-las-ideas-ms-premiadas-de-el-ojo-2018/49257,Riesgo y valentía,Sentencia de oráculo,Profético,Depende de contexto,Fragmento con '…',,
53,Tenemos que vernos más,Ruavieja,Leo Burnett España,España,2017,Publicidad,Amor y vínculos | Empuja a actuar | Cálido,https://www.latinspots.com/noticia/leo-burnett-espaa-propone-volver-a-las-amistades-autnticas-con-licores-ruavieja/45730,Amor y vínculos,Empuja a actuar,Cálido,OK,,,
55,Tomou? [¿Tomaste?],Parmalat,DM9,Brasil,1996,Publicidad,Placer y vida cotidiana | Desafía o cuestiona | Absurdo,https://exame.com/marketing/parmalat-e-os-mamiferos-que-marcaram-o-brasil/,Placer y vida cotidiana,Desafía o cuestiona,Absurdo,Depende de contexto,Portugués + leche; solo funciona con comida/bebida,,
57,En navidad todo es posible.,Ministerio de Defensa de Colombia,Lowe-SSP3,Colombia,2010,Publicidad,Futuro y tecnología; Tiempo y país | Sí o no rotundo | Cálido,https://www.semana.com/pais/articulo/colombia-mercadeo-navidad-para-ganar-guerra/141091/,Futuro y tecnología; Tiempo y país,Sí o no rotundo,Cálido,Depende de contexto,Estacional (Navidad),,
60,¿Es muy tonto lo que estoy diciendo?,VTR,Porta,Chile,2012,Publicidad,Amor y vínculos; Identidad | Desafía o cuestiona | Irónico,https://www.merca20.com/el-comercial-que-tiene-a-los-chilenos-inclinando-la-cabeza/,Amor y vínculos; Identidad,Desafía o cuestiona,Irónico,OK,,,
63,Huevo estrellado,Bachoco,Terán\TBWA,México,,Publicidad,Placer y vida cotidiana | Humor o absurdo | Absurdo,https://www.elfinanciero.com.mx/food-and-drink/2025/09/21/hoy-toca-pollo-quien-es-dueno-de-bachoco-marca-que-innovo-con-la-venta-de-huevos-por-docena/,Placer y vida cotidiana,Humor o absurdo,Absurdo,Depende de contexto,Literal: nombre de producto,,
66,Canelón de Pollo,Bachoco,Terán\TBWA (?),México,,Publicidad,Placer y vida cotidiana | Humor o absurdo | Absurdo,https://naranti.com/noticias/anuncios-espectaculares-bachoco,Placer y vida cotidiana,Humor o absurdo,Absurdo,Depende de contexto,Literal: nombre de producto,,
68,Todos somos expertos,Banca de Quinielas del Uruguay,Publicis Ímpetu,Uruguay,2019,Publicidad,Identidad; Trabajo y creatividad | Tranquiliza o relativiza | Cálido,https://www.adlatina.com/publicidad/publicis-%C3%ADmpetu-y-banca-de-quinielas-de-uruguay-se-consagraron-con-el-gran-effie,Identidad; Trabajo y creatividad,Tranquiliza o relativiza,Cálido,OK,,Sí,
69,Seguí moviéndote,Ford,JWT Argentina,Argentina,,Publicidad,Riesgo y valentía; Futuro y tecnología | Empuja a actuar | Directo,https://www.lanacion.com.ar/economia/la-publicidad-debe-ser-amigable-y-respetuosa-del-consumidor-nid1423265/,Riesgo y valentía; Futuro y tecnología,Empuja a actuar,Directo,OK,,Sí,
70,Para abrir caminos se necesita maquinaria pesada,Holcim Ecuador,Maruri Grey,Ecuador,2023,Publicidad,Riesgo y valentía; Trabajo y creatividad | Sentencia de oráculo | Directo,https://www.eluniverso.com/larevista/sociedad/effie-awards-ecuador-cumplio-dos-decadas-de-premiar-a-las-ideas-que-funcionan-nota/,Riesgo y valentía; Trabajo y creatividad,Sentencia de oráculo,Directo,OK,,,
72,Naturalmente impredecible,Del Sur,Paradais DDB,Ecuador,2023,Publicidad,Futuro y tecnología; Identidad | Sentencia de oráculo | Profético,https://www.eluniverso.com/larevista/sociedad/effie-awards-ecuador-cumplio-dos-decadas-de-premiar-a-las-ideas-que-funcionan-nota/,Futuro y tecnología; Identidad,Sentencia de oráculo,Profético,OK,,Sí,
74,Eran otros tiempos,Quilmes,Young & Rubicam,Argentina,2002,Publicidad,Tiempo y país | Tranquiliza o relativiza | Irónico,,Tiempo y país,Tranquiliza o relativiza,Irónico,OK,,,
75,Lo importante es el chip,CTI,,Argentina,2004,Publicidad,Futuro y tecnología | Sentencia de oráculo | Directo,,Futuro y tecnología,Sentencia de oráculo,Directo,Depende de contexto,Habla de un chip/celular (CTI),,
76,Uno de cada 10 hombres es gay,Fernet Cinzano,,Argentina,2004,Publicidad,Identidad; Amor y vínculos | Humor o absurdo | Provocador,,Identidad; Amor y vínculos,Humor o absurdo,Provocador,Revisar,Tema sensible; evaluar si va en un oráculo público,,
77,Hacele caso a tu sed,Sprite,,Argentina,1998,Publicidad,Placer y vida cotidiana; Identidad | Empuja a actuar | Cálido,,Placer y vida cotidiana; Identidad,Empuja a actuar,Cálido,OK,,,
78,"Si no es para vos, no es para vos",BAFICI,La Comunidad,Argentina,,Publicidad,Identidad; Amor y vínculos | Tranquiliza o relativiza | Directo,,Identidad; Amor y vínculos,Tranquiliza o relativiza,Directo,OK,,Sí,
79,No es para ti,Ford F-150,JWT San Juan,Puerto Rico,2009,Publicidad,Identidad; Riesgo y valentía | Sí o no rotundo | Provocador,https://www.adlatina.com/articulo.php?slug=%2Fpublicidad%2Ftodos-los-ganadores-del-ojo-de-iberoam%C3%A9rica,Identidad; Riesgo y valentía,Sí o no rotundo,Provocador,OK,Nombre de la pieza premiada; confirmar que funciona como frase al aire,Sí,"Plata – El Ojo Innovador, Radio"
82,Devolvele la guita al taxista,Publicis Graffiti (institucional),Publicis Graffiti Argentina,Argentina,2009,Publicidad,Identidad; Riesgo y valentía | Empuja a actuar | Irónico,https://www.adlatina.com/articulo.php?slug=%2Fpublicidad%2Ftodos-los-ganadores-del-ojo-de-iberoam%C3%A9rica,Identidad; Riesgo y valentía,Empuja a actuar,Irónico,OK,Nombre de la pieza premiada; confirmar que funciona como frase al aire; argentinismo (guita),Sí,"Bronce – El Ojo Promo, Activación"
83,Que vuelvan los lentos,Doritos,BBDO Argentina,Argentina,2009,Publicidad,Amor y vínculos; Tiempo y país | Sentencia de oráculo | Irónico,https://www.adlatina.com/articulo.php?slug=%2Fpublicidad%2Ftodos-los-ganadores-del-ojo-de-iberoam%C3%A9rica,Amor y vínculos; Tiempo y país,Sentencia de oráculo,Irónico,OK,Nombre de la pieza premiada; confirmar que funciona como frase al aire,,Oro – El Ojo Campañas Integradas (Productos)
86,Con poco me lo monto,Fanta,McCann Erickson España,España,2009,Publicidad,Trabajo y creatividad; Placer y vida cotidiana | Tranquiliza o relativiza | Irónico,https://www.adlatina.com/articulo.php?slug=%2Fpublicidad%2Ftodos-los-ganadores-del-ojo-de-iberoam%C3%A9rica,Trabajo y creatividad; Placer y vida cotidiana,Tranquiliza o relativiza,Irónico,OK,Nombre de la pieza premiada; confirmar que funciona como frase al aire; expresión española,,Bronce – El Ojo Promo (Promociones integradas)
